"Authors","Author full names","Author(s) ID","Title","Year","Source title","Volume","Issue","Art. No.","Page start","Page end","Cited by","DOI","Link","Affiliations","Authors with affiliations","Abstract","Author Keywords","Index Keywords","Correspondence Address","Editors","Publisher","ISSN","ISBN","CODEN","PubMed ID","Language of Original Document","Abbreviated Source Title","Document Type","Publication Stage","Open Access","Source","EID"
"Blair M.W.; Londoño J.M.; Buitrago-Bitar M.A.; Wu X.; Brenner D.M.","Blair, Matthew W. (7102440302); Londoño, Jorge M. (57204185001); Buitrago-Bitar, María A. (57219053046); Wu, Xingbo (57157468200); Brenner, David M. (7201995759)","7102440302; 57204185001; 57219053046; 57157468200; 7201995759","Differentiation of Andean and Mesoamerican accessions in a proposed core collection of grain amaranths","2023","Frontiers in Plant Science","14","","1144681","","","5","10.3389/fpls.2023.1144681","https://www.scopus.com/pages/publications/85152554014?origin=resultslist","Department of Agricultural and Environmental Sciences, College of Agriculture, Tennessee State University, Nashville, TN, United States; Grupo de Investigación en Biodiversidad y Biotecnología (GIBUQ), Universidad del Quindío, Armenia, Colombia; Facultad de Ciencias Agropecuarias, Universidad Nacional de Colombia, Palmira, Colombia; Tropical Research Education Center, University of Florida, Homestead, FL, United States; Department of Agronomy/North Central Regional Plant Introduction Station, Iowa State University, Ames, IA, United States","Blair M.W., Department of Agricultural and Environmental Sciences, College of Agriculture, Tennessee State University, Nashville, TN, United States; Londoño J.M., Grupo de Investigación en Biodiversidad y Biotecnología (GIBUQ), Universidad del Quindío, Armenia, Colombia; Buitrago-Bitar M.A., Facultad de Ciencias Agropecuarias, Universidad Nacional de Colombia, Palmira, Colombia; Wu X., Department of Agricultural and Environmental Sciences, College of Agriculture, Tennessee State University, Nashville, TN, United States, Tropical Research Education Center, University of Florida, Homestead, FL, United States; Brenner D.M., Department of Agronomy/North Central Regional Plant Introduction Station, Iowa State University, Ames, IA, United States","Grain amaranths are made up of three New World species of pseudo-cereals with C4 photosynthesis from the dicotyledonous family Amaranthaceae and the genus Amaranthus. They originate in two ecoregions of the Americas, namely, the inter-Andean valleys of South America and the volcanic axis and lowlands of Mexico and Central America. These correspond to two centers of domestications for Andean and Mesoamerican crops, with one cultivated species found in the first region and two found in the latter region. To date, no core collection has been made for the grain amaranths in the United States Department of Agriculture (USDA) germplasm system. In this study, our objective was to create a core for the 2,899 gene bank accessions with collection site data by town or farm site of which 1,090 have current geo-referencing of latitude and longitude coordinates. We constituted the core with 260 genotypes of Amaranthus, which we evaluated with 90 single-nucleotide polymorphism markers. Our goal was to distinguish between Andean and Mesoamerican gene pools of amaranths, including the cultivated species and three possible progenitor or wild relative ancestors along with two more species in an outgroup. Population structure, clustering, and discriminant analysis for principal components showed that Andean species Amaranthus caudatus and Amaranthus quitensis shared fewer alleles with Mesoamerican species Amaranthus cruentus and Amaranthus hypochondriacus, compared to each group individually. Amaranthus hybridus was a bridge species that shared alleles with both regions. Molecular markers have the advantage over morphological traits at quickly distinguishing the Andean and Mesoamerican cultivars and have the added benefit of being useful for following inter-species crosses and introgression. Copyright © 2023 Blair, Londoño, Buitrago-Bitar, Wu and Brenner.","Andean grain amaranth; centers of domestication; competitive allele specific PCR; cultivated and wild accessions; genetic diversity; Mesoamerican grain amaranth","","M.W. Blair; Department of Agricultural and Environmental Sciences, College of Agriculture, Tennessee State University, Nashville, United States; email: mblair@tnstate.edu","","Frontiers Media S.A.","1664462X","","","","English","Front. Plant Sci.","Article","Final","All Open Access; Gold Open Access; Green Open Access","Scopus","2-s2.0-85152554014"
"Štefúnová V.; Bežo M.","Štefúnová, Veronika (15073470400); Bežo, Milan (15072690100)","15073470400; 15072690100","Genetic diversity analysis of amaranth (Amaranthus cruentus) germplasm collection by RAPD","2003","Biologia - Section Botany","58","SUPPL. 12","","53","57","8","","https://www.scopus.com/pages/publications/22644446645?origin=resultslist","Department of Genetics and Plant Breeding, Faculty of Agronomy, Slovak University of Agriculture in Nitra, SK-94976 Nitra, Trieda Andreja Hlinku 2, Slovakia","Štefúnová V., Department of Genetics and Plant Breeding, Faculty of Agronomy, Slovak University of Agriculture in Nitra, SK-94976 Nitra, Trieda Andreja Hlinku 2, Slovakia; Bežo M., Department of Genetics and Plant Breeding, Faculty of Agronomy, Slovak University of Agriculture in Nitra, SK-94976 Nitra, Trieda Andreja Hlinku 2, Slovakia","Genetic diversity analysis of seven amaranth (Amaranthus cruentus L.) genotypes (Ames 1959 RRC 1, PI 566896 Komo, PI 511719 Niqua alegria chang, PI 511876 Huatle, PI 527567 IZ 32, PI 604558 Mapes 821, PI 612169 Tibet Yellow) was performed using random amplified polymorphic DNA (RAPD) method with twelve random primers under optimized conditions. A total of 86 fragments was generated by the twelve primers, with an average of 5.5 fragments per primer. Out of 86 amplified fragments, 66 fragments showed polymorphism among seven genotypes of amaranth (Amaranthus cruentus L.), which represents 76.7% polymorphism). The genetic similarities ranged from 52.0% (PI 511876 Huatle and PI 604558 Mapes 821) to 93.5% (Ames 1959 RRC 1 and PI 527567 IZ 32). According to the genetic distance data and UPGMA dendrogram, PI 511876 Huatle is the most diverse genotype and distinguishable with all primers used in the study.","Amaranth; Amaranthus cruentus L.; Genetic diversity; Germplasm; RAPD","Amaranthus; Amaranthus caudatus; Amaranthus cruentus","V. Štefúnová; Department of Genetics and Plant Breeding, Faculty of Agronomy, Slovak University of Agriculture in Nitra, SK-94976 Nitra, Trieda Andreja Hlinku 2, Slovakia; email: Veronika.Stefunova@uniag.sk","","","13356372","","","","English","Biol. Sect. Bot.","Article","Final","","Scopus","2-s2.0-22644446645"
"Thapa R.; Edwards M.; Blair M.W.","Thapa, Ranjita (57204781156); Edwards, Matthew (57356061900); Blair, Matthew W. (7102440302)","57204781156; 57356061900; 7102440302","Relationship of cultivated grain amaranth species and wild relative accessions","2021","Genes","12","12","1849","","","28","10.3390/genes12121849","https://www.scopus.com/pages/publications/85120038008?origin=resultslist","Department of Agricultural and Environmental Sciences, Tennessee State University, Nashville, 37209, TN, United States; Plant Pathology and Plant-Microbe Biology Section, Cornell University, Geneva, 14456, NY, United States","Thapa R., Department of Agricultural and Environmental Sciences, Tennessee State University, Nashville, 37209, TN, United States, Plant Pathology and Plant-Microbe Biology Section, Cornell University, Geneva, 14456, NY, United States; Edwards M., Department of Agricultural and Environmental Sciences, Tennessee State University, Nashville, 37209, TN, United States; Blair M.W., Department of Agricultural and Environmental Sciences, Tennessee State University, Nashville, 37209, TN, United States","Amaranthus is a genus of C4 dicotyledonous herbaceous plants, and three New World species have been domesticated to produce grain crops with light colored seed which are classified as pseudo-cereals rich in protein and minerals. A core collection of grain amaranths and immediate precursor species has been established, representing the closest related species. The goal of this study was to evaluate the genetic diversity in that collection of cultivated and wild species, using competitive allele single nucleotide polymorphism markers. A secondary objective was to determine the relationships among the three cultivated species and non-domesticated Amaranthus, while a third objective was to evaluate the utility of the markers in detecting diversity in the 276 genotypes. The markers were found to be highly variable with an average polymorphism information content of 0.365. All markers were bi-allelic; and the major allele frequency ranged from 0.388 to 0.871. Population structure analysis of the cultigens revealed the presence of two sub populations. Phylogeny confirmed that the two Mesoamerican species, Amaranthus cruentus and Amaranthus hypochondriacus, were related and distant from the South American species Amaranthus caudatus, which in turn was very closely clustered with Amaranthus quitensis, even though this is considered a weedy relative. The first pair of species were likely to have inter-crossed, while the latter two likely exist in a wild-cultivated hybrid state. In conclusion, the results of this SNP study provided insights on amaranth cultivars and their relationship to wild species, the probable domestication events leading to the cultivars, and possible crop breeding or germplasm conservation strategies. © 2021 by the authors. Licensee MDPI, Basel, Switzerland.","Competitive allele specific PCR; Cultivated and wild Amaranthus; Domestication processes; Genetic diversity; Weed-crop complexes and relatives","Amaranthus; Crops, Agricultural; Domestication; Edible Grain; Genome, Plant; Genotype; Phylogeny; Plant Breeding; Polymorphism, Single Nucleotide; Seeds; allele specific polymerase chain reaction; Amaranthus caudatus; article; breeding; crop; cultivar; cultivated species; domestication; gene frequency; genetic association; genetic marker; genetic variability; germplasm; grain; human cell; nonhuman; phylogeny; population structure; single nucleotide polymorphism; wild species; wild type; Amaranthus; crop; domestication; food grain; genetics; genotype; plant breeding; plant genome; plant seed; procedures","M.W. Blair; Department of Agricultural and Environmental Sciences, Tennessee State University, Nashville, 37209, United States; email: mblair@tnstate.edu","","MDPI","20734425","","","34946796","English","Genes","Article","Final","All Open Access; Gold Open Access; Green Open Access","Scopus","2-s2.0-85120038008"
"Kanbar A.; Beisel J.; Wetters S.; Gutierrez M.T.; Graeff-Hönninger S.; Nick P.","Kanbar, Adnan (12760447300); Beisel, Julia (57823154600); Wetters, Sascha (57205149690); Gutierrez, Meylin Terrel (57737399000); Graeff-Hönninger, Simone (6507422325); Nick, Peter (7006276475)","12760447300; 57823154600; 57205149690; 57737399000; 6507422325; 7006276475","A rapid, simple, and reliable assay to authenticate Peruvian kiwicha (A. caudatus) for food applications","2022","European Food Research and Technology","248","11","","2779","2797","6","10.1007/s00217-022-04089-6","https://www.scopus.com/pages/publications/85135110724?origin=resultslist","Molecular Cell Biology, Botanical Institute, Karlsruhe Institute of Technology, Fritz-Haber-Weg 4, Karlsruhe, 76131, Germany; Institute of Crop Science, University of Hohenheim, Stuttgart, 70599, Germany","Kanbar A., Molecular Cell Biology, Botanical Institute, Karlsruhe Institute of Technology, Fritz-Haber-Weg 4, Karlsruhe, 76131, Germany; Beisel J., Molecular Cell Biology, Botanical Institute, Karlsruhe Institute of Technology, Fritz-Haber-Weg 4, Karlsruhe, 76131, Germany; Wetters S., Molecular Cell Biology, Botanical Institute, Karlsruhe Institute of Technology, Fritz-Haber-Weg 4, Karlsruhe, 76131, Germany; Gutierrez M.T., Institute of Crop Science, University of Hohenheim, Stuttgart, 70599, Germany; Graeff-Hönninger S., Institute of Crop Science, University of Hohenheim, Stuttgart, 70599, Germany; Nick P., Molecular Cell Biology, Botanical Institute, Karlsruhe Institute of Technology, Fritz-Haber-Weg 4, Karlsruhe, 76131, Germany","Amaranth has acquired great economic impact as functional food, with species originating from Mexico dominating global trade. In contrast, the Peruvian A. caudatus (kiwicha) has been vastly neglected, although it is endowed with very promising nutritive traits. Morphological plasticity and taxonomic ambiguities render authentication of Amaranth difficult, such that the identity of commercial samples is often unclear. To safeguard the authenticity of kiwicha and, thus, consumer safety, we characterised a germplasm collection of 84 Amaranth accessions on both, the morphological and the genetic level. We show that kiwicha can be delineated phenotypically from other species by its late flowering, taller posture, and lower grain yields. Instead, flower and seed color, often used as proxy for identity, do not qualify as taxonomic markers. Using the plastidic barcoding marker psbA-trnH igs we were able to identify a specific Single Nucleotide Polymorphism (SNP) that separated kiwicha from all other species of Amaranth. This allowed us to develop a sequencing-free authentication assay using an Amplified Refractory Mutation System (ARMS) strategy. As a result kiwicha in commercial samples can be authenticated by a single duplex-PCR yielding a diagnostic side band reporting A. caudatus against all other species of Amaranthus. This fingerprinting assay will help to develop the nutritive potential of kiwicha and to safeguard seed material for A. caudatus against adulteration by the far more prevalent species from Mexico. © 2022, The Author(s).","Amaranth; Amaranthus caudatus; Amplified Refractory Mutation System (ARMS); Kiwicha; Molecular authentication; psbA-trnH","Refractory materials; Amaranth; Amaranthus caudatus; Amplified refractory mutation system; Economic impacts; Food applications; Kiwicha; Me-xico; Molecular authentication; Psba-trnh; Simple++; Authentication","A. Kanbar; Molecular Cell Biology, Botanical Institute, Karlsruhe Institute of Technology, Karlsruhe, Fritz-Haber-Weg 4, 76131, Germany; email: adnan.kanbar@kit.edu","","Springer Science and Business Media Deutschland GmbH","14382377","","","","English","Eur. Food Res. Technol.","Article","Final","All Open Access; Hybrid Gold Open Access","Scopus","2-s2.0-85135110724"
"Deb S.; Jayaprasad S.; Ravi S.; Rao K.R.; Whadgar S.; Hariharan N.; Dixit S.; Sunil M.; Choudhary B.; Stevanato P.; Ramireddy E.; Srinivasan S.","Deb, Saptarathi (57220728651); Jayaprasad, Suvratha (57215278812); Ravi, Samathmika (57203483078); Rao, K. Raksha (58337531600); Whadgar, Saurabh (57220051373); Hariharan, Nivedita (57195304577); Dixit, Shubham (57195303724); Sunil, Meeta (56103497200); Choudhary, Bibha (7004608943); Stevanato, Piergiorgio (56962755700); Ramireddy, Eswarayya (55795382000); Srinivasan, Subhashini (57198821177)","57220728651; 57215278812; 57203483078; 58337531600; 57220051373; 57195304577; 57195303724; 56103497200; 7004608943; 56962755700; 55795382000; 57198821177","Classification of Grain Amaranths Using Chromosome-Level Genome Assembly of Ramdana, A. hypochondriacus","2020","Frontiers in Plant Science","11","","579529","","","11","10.3389/fpls.2020.579529","https://www.scopus.com/pages/publications/85096634786?origin=resultslist","Institute of Bioinformatics and Applied Biotechnology, Bengaluru, India; Department of Agronomy, Natural Resources, Animals and Environment, University of Padova, viale dell’Università, Legnaro, Italy; Institute for Stem Cell Science and Regenerative Medicine (InStem), Bengaluru, India; Indian Institute of Science Education and Research, Tirupati, Tirupati, India","Deb S., Institute of Bioinformatics and Applied Biotechnology, Bengaluru, India; Jayaprasad S., Institute of Bioinformatics and Applied Biotechnology, Bengaluru, India; Ravi S., Department of Agronomy, Natural Resources, Animals and Environment, University of Padova, viale dell’Università, Legnaro, Italy; Rao K.R., Institute of Bioinformatics and Applied Biotechnology, Bengaluru, India; Whadgar S., Institute of Bioinformatics and Applied Biotechnology, Bengaluru, India; Hariharan N., Institute for Stem Cell Science and Regenerative Medicine (InStem), Bengaluru, India; Dixit S., Institute of Bioinformatics and Applied Biotechnology, Bengaluru, India; Sunil M., Institute of Bioinformatics and Applied Biotechnology, Bengaluru, India; Choudhary B., Institute of Bioinformatics and Applied Biotechnology, Bengaluru, India; Stevanato P., Department of Agronomy, Natural Resources, Animals and Environment, University of Padova, viale dell’Università, Legnaro, Italy; Ramireddy E., Indian Institute of Science Education and Research, Tirupati, Tirupati, India; Srinivasan S., Institute of Bioinformatics and Applied Biotechnology, Bengaluru, India","In the age of genomics-based crop improvement, a high-quality genome of a local landrace adapted to the local environmental conditions is critically important. Grain amaranths produce highly nutritional grains with a multitude of desirable properties including C4 photosynthesis highly sought-after in other crops. For improving the agronomic traits of grain amaranth and for the transfer of desirable traits to dicot crops, a reference genome of a local landrace is necessary. Toward this end, our lab had initiated sequencing the genome of Amaranthus (A.) hypochondriacus (A.hyp_K_white) and had reported a draft genome in 2014. We selected this landrace because it is well adapted for cultivation in India during the last century and is currently a candidate for TILLING-based crop improvement. More recently, a high-quality chromosome-level assembly of A. hypochondriacus (PI558499, Plainsman) was reported. Here, we report a chromosome-level assembly of A.hyp_K_white (AhKP) using low-coverage PacBio reads, contigs from the reported draft genome of A.hyp_K_white, raw HiC data and reference genome of Plainsman (A.hyp.V.2.1). The placement of A.hyp_K_white on the phylogenetic tree of grain amaranths of known accessions clearly suggests that A.hyp_K_white is genetically distal from Plainsman and is most closely related to the accession PI619259 from Nepal (Ramdana). Furthermore, the classification of another accession, Suvarna, adapted to the local environment and selected for yield and other desirable traits, is clearly Amaranthus cruentus. A classification based on hundreds of thousands of SNPs validated taxonomy-based classification for a majority of the accessions providing the opportunity for reclassification of a few. © Copyright © 2020 Deb, Jayaprasad, Ravi, Rao, Whadgar, Hariharan, Dixit, Sunil, Choudhary, Stevanato, Ramireddy and Srinivasan.","A. caudatus; A. cruentus; A. hypochondriacus; genotyping by sequencing; global-germplasm resources information network (GRIN); grain amaranths plainsman; whole genome sequencing","","B. Choudhary; Institute of Bioinformatics and Applied Biotechnology, Bengaluru, India; email: ssubha@ibab.ac.in; S. Srinivasan; Institute of Bioinformatics and Applied Biotechnology, Bengaluru, India; email: vibha@ibab.ac.in","","Frontiers Media S.A.","1664462X","","","","English","Front. Plant Sci.","Article","Final","All Open Access; Gold Open Access; Green Open Access","Scopus","2-s2.0-85096634786"
"Andini R.; Yoshida S.; Yoshida Y.; Ohsawa R.","Andini, Rita (55630187100); Yoshida, Shigeki (7406244768); Yoshida, Yasuko (35231834200); Ohsawa, Ryo (6603353504)","55630187100; 7406244768; 35231834200; 6603353504","Amaranthus genetic resources in Indonesia: Morphological and protein content assessment in comparison with worldwide amaranths","2013","Genetic Resources and Crop Evolution","60","7","","2115","2128","32","10.1007/s10722-013-9979-y","https://www.scopus.com/pages/publications/84885864946?origin=resultslist","Graduate School of Life and Environmental Sciences, University of Tsukuba, Tsukuba, Ibaraki, 305-8572, 1-1-1 Tennodai, Japan","Andini R., Graduate School of Life and Environmental Sciences, University of Tsukuba, Tsukuba, Ibaraki, 305-8572, 1-1-1 Tennodai, Japan; Yoshida S., Graduate School of Life and Environmental Sciences, University of Tsukuba, Tsukuba, Ibaraki, 305-8572, 1-1-1 Tennodai, Japan; Yoshida Y., Graduate School of Life and Environmental Sciences, University of Tsukuba, Tsukuba, Ibaraki, 305-8572, 1-1-1 Tennodai, Japan; Ohsawa R., Graduate School of Life and Environmental Sciences, University of Tsukuba, Tsukuba, Ibaraki, 305-8572, 1-1-1 Tennodai, Japan","The morphological variations (growth habit, leaf shape, leaf color, height, stem diameter, number of branches and internodes, leaf area, blade ratio, leaf thickness, number of leaves, and total leaf area) and protein content of 53 Indonesian amaranths (Amaranthus spp.), consisting of weedy-, vegetable-, and ornamental-types, were assessed. The extent of variation in the Indonesian Amaranthus accessions were compared with the worldwide collection (26 accessions from United States Department of Agriculture (USDA) and 5 ornamentals from Nepal) in the experimental field of the University of Tsukuba, Japan. The variation in average values of most morphological traits and protein content in the Indonesian accessions were similar to those of the worldwide germplasm, but the important parameters that influence vegetable yield (e.g., number of leaves and stem diameter) were superior in the Indonesian accessions. Protein content showed a positive correlation with the number of leaves, whereas a negative correlation was observed with leaf thickness. The Indonesian accession of A. viridis and A. dubius showed a great potential to be further selected as parental lines for high protein content and number of leaves. The relatively high protein content of the leaves of Celosia may also potentially serve as an alternative protein source in the tropics. © 2013 The Author(s).","Amaranthus; Celosia; Morphological diversity; Vegetable","Indonesia; Amaranthus; Amaranthus caudatus; Amaranthus dubius; Amaranthus viridis; Celosia; crop yield; genetic differentiation; germplasm; leaf morphology; perennial plant; protein; stem; vegetable","R. Ohsawa; Graduate School of Life and Environmental Sciences, University of Tsukuba, Tsukuba, Ibaraki, 305-8572, 1-1-1 Tennodai, Japan; email: osawa.ryo.gt@u.tsukuba.ac.jp","","","09259864","","GRCEE","","English","Genet. Resour. Crop. Evol.","Article","Final","All Open Access; Green Open Access; Hybrid Gold Open Access","Scopus","2-s2.0-84885864946"
"Kaur S.; Singh N.; Rana J.C.","Kaur, Shubhpreet (55424445500); Singh, Narpinder (35446545200); Rana, Jai Chand (24173806200)","55424445500; 35446545200; 24173806200","Amaranthus hypochondriacus and Amaranthus caudatus germplasm: Characteristics of plants, grain and flours","2010","Food Chemistry","123","4","","1227","1234","58","10.1016/j.foodchem.2010.05.091","https://www.scopus.com/pages/publications/77954952743?origin=resultslist","Department of Food Science and Technology, Guru Nanak Dev University, Amritsar 143005, India; National Bureau of Plant Genetic Resources, Phagli, Shimla 171004, HP, Regional Station, India","Kaur S., Department of Food Science and Technology, Guru Nanak Dev University, Amritsar 143005, India; Singh N., Department of Food Science and Technology, Guru Nanak Dev University, Amritsar 143005, India; Rana J.C., National Bureau of Plant Genetic Resources, Phagli, Shimla 171004, HP, Regional Station, India","In the present study, the plant, grain and flour characteristics of 48 Amaranthus hypochondriacus and 11 Amaranthus caudatus lines are reported. A. hypochondriacus grains had a higher thousand kernel weight (0.62-0.88. g), a creamish yellow colour (L*=61.38-68.29, b*=5.26-6.8 and a*=19.71-23.84), whereas A. caudatus grains had a lower thousand kernel weight (0.46-0.70. g) and a reddish-brown colour (L*=47.1-51.2, b*=11.82-14.02 and a*=7.72-13.29). The A. caudatus lines had a higher protein content, fat content and tendency for retrogradation, and lower α-amylase activity as compared to A. hypochondriacus lines. The Amaranthus lines with higher a*-values and lower thousand kernel weight, L*- and b*-values, had a higher fat, crude fibre and protein content. The correlation of fat and crude fibre content with the thousand kernel weight, L*-, a*- and b*-values, was significant. The A. hypochondriacus lines showed higher pasting temperature, and lower peak viscosity, breakdown and setback, as compared to the A. caudatus lines. The result reflected that the lines with higher α-amylase activity showed a lower peak viscosity, breakdown, final viscosity and gel hardness, and a higher pasting temperature. © 2010 Elsevier Ltd.","Amaranthus caudatus; Amaranthus hypochondriacus; Composition; Flour; Grain; Pasting properties","Amaranthus; Amaranthus caudatus; Amaranthus hypochondriacus; amylase; adhesion; Amaranthus; Amaranthus caudatus; Amaranthus hypochondriacus; article; chemical composition; enzyme activity; fat content; flour; germplasm; grain; hardness; protein content; temperature; viscosity","N. Singh; Department of Food Science and Technology, Guru Nanak Dev University, Amritsar 143005, India; email: narpinders@yahoo.com","","","03088146","","FOCHD","","English","Food Chem.","Article","Final","","Scopus","2-s2.0-77954952743"
"Slabbert R.; Van Den Heever E.","Slabbert, R. (16507645600); Van Den Heever, E. (6507103377)","16507645600; 6507103377","Selection of traditional crops for improved drought tolerance in leafy amaranth: Moving towards sustainable food supply","2007","Acta Horticulturae","752","","","281","286","6","10.17660/ActaHortic.2007.752.46","https://www.scopus.com/pages/publications/70449338397?origin=resultslist","Department of Crop Sciences, Tshwane University of Technology, Pretoria 0001, P/B X680, South Africa; Vegetable and Ornamental Plant Institute, Pretoria 0001, ARC-Roodeplaat P/B X293, South Africa","Slabbert R., Department of Crop Sciences, Tshwane University of Technology, Pretoria 0001, P/B X680, South Africa; Van Den Heever E., Vegetable and Ornamental Plant Institute, Pretoria 0001, ARC-Roodeplaat P/B X293, South Africa","The germplasm of 33 amaranth collections from different local communities in South Africa, as well as a few promising imported amaranth collections were subjected to various screening methods to determine the levels and traits of drought tolerance. Plants use different mechanisms to cope with changes in the abiotic environment, including cellular, developmental as well as biochemical traits. The different screening techniques for drought tolerance that were selected include turgor maintenance (relative water content (RWC) and leaf area (LA)), osmoprotection (proline production), plant productivity (chlorophyll fluorescence during photosynthesis) and early drought tolerance. The five most drought tolerant species were identified and are currently being introduced to several communities in South Africa. This forms part of a project that will contribute to the development of improved traditional crops for food production and quality for subsistence farmers in areas with low precipitation or variable rainfall patterns.","Amaranthus; Drought tolerance; Subsistence farmers; Traditional crops","Amaranthus; Amaranthus caudatus","","","International Society for Horticultural Science","05677572","","","","English","Acta Hortic.","Conference paper","Final","","Scopus","2-s2.0-70449338397"
"Espitia-Rangel E.; Escobedo-López D.; Núñez-Colín C.A.; Aguilar-Delgado M.J.; Rivas-Valencia P.; Sesma-Hernández L.F.","Espitia-Rangel, Eduardo (25027203000); Escobedo-López, Diana (55315342900); Núñez-Colín, Carlos A. (13411242200); Aguilar-Delgado, Miriam J. (57215912132); Rivas-Valencia, Patricia (56002730300); Sesma-Hernández, Luisa F. (57284221900)","25027203000; 55315342900; 13411242200; 57215912132; 56002730300; 57284221900","CONFIRMATION OF GRAIN AMARANTH (Amaranthus spp.) LANDRACES BY CANONICAL DISCRIMINANT ANALYSIS; [CONFIRMACIÓN DE RAZAS GEOGRÁFICAS DE AMARANTO (Amaranthus spp.) POR ANÁLISIS DISCRIMINANTE CANÓNICO]","2020","Agrociencia","54","7","","927","937","3","10.47163/agrociencia.v54i7.2243","https://www.scopus.com/pages/publications/85116387248?origin=resultslist","Instituto Nacional de Investigaciones Forestales Agrícolas y Pecuarias, Campo Experimental Valle de México, Km.13.5 de la Carretera los Reyes-Texcoco, Coatlinchán, Texcoco, 56250, Estado de México, Mexico; Instituto Nacional de Investigaciones Forestales Agrícolas y Pecuarias, Campo Experimental Bajío, Km 6.5 Carretera Celaya-San Miguel de Allende, Roque, Celaya, 38110, Guanajuato, Mexico; Universidad de Guanajuato, Programa de Ingeniería en Biotecnología, Mutualismo #303 Esquina Prolongación Rio Lerma, Colonia La Suiza, Apartado Postal 91, Celaya, 38060, Guanajuato, Mexico","Espitia-Rangel E., Instituto Nacional de Investigaciones Forestales Agrícolas y Pecuarias, Campo Experimental Valle de México, Km.13.5 de la Carretera los Reyes-Texcoco, Coatlinchán, Texcoco, 56250, Estado de México, Mexico; Escobedo-López D., Instituto Nacional de Investigaciones Forestales Agrícolas y Pecuarias, Campo Experimental Bajío, Km 6.5 Carretera Celaya-San Miguel de Allende, Roque, Celaya, 38110, Guanajuato, Mexico; Núñez-Colín C.A., Universidad de Guanajuato, Programa de Ingeniería en Biotecnología, Mutualismo #303 Esquina Prolongación Rio Lerma, Colonia La Suiza, Apartado Postal 91, Celaya, 38060, Guanajuato, Mexico; Aguilar-Delgado M.J., Instituto Nacional de Investigaciones Forestales Agrícolas y Pecuarias, Campo Experimental Valle de México, Km.13.5 de la Carretera los Reyes-Texcoco, Coatlinchán, Texcoco, 56250, Estado de México, Mexico; Rivas-Valencia P., Instituto Nacional de Investigaciones Forestales Agrícolas y Pecuarias, Campo Experimental Valle de México, Km.13.5 de la Carretera los Reyes-Texcoco, Coatlinchán, Texcoco, 56250, Estado de México, Mexico; Sesma-Hernández L.F., Instituto Nacional de Investigaciones Forestales Agrícolas y Pecuarias, Campo Experimental Valle de México, Km.13.5 de la Carretera los Reyes-Texcoco, Coatlinchán, Texcoco, 56250, Estado de México, Mexico","Grain amaranth refers to three species of genus Amaranthus (Amaranthus cruentus, A. hypochondriacus, and A. caudatus), which show a high morphological diversity, which is why it is treated since the 1990s to differentiate landraces and to contribute to the breeding programs. The aim of this investigation was to evaluate 53 genotypes within the native landraces: Aztec, Mercado, Mixtec, Nepal (A. hypochondriacus), African, Guatemalan, Mexican (A. cruentus), and South American (A. caudatus) using morphological and phenological traits. INIFAP- CEVAMEX accessions were used and planted at Santa Lucía de Prías, México (2013 spring-summer growing cycle) in order to record phenological and morphological data. Seeds were digitalized and analysed on ImageTool. Then, the Mahalanobis distance, a canonical discriminant analysis using landraces as classificatory variable, a MANOVA, and a Tukey mean comparison for canonical roots were performed; all analyses were processed on SAS. The canonical discriminant analysis perfectly distinguished the landraces, which was grouped according to the species. The main traits to distinguish the groups for Canonical Root 1 were traits related to phenology and plant morphology; for Canonical Root 2, traits related to shape of the seed, and for Canonical Root 3, traits related to size of the seed. Classification by landraces of the Mexican species of grain amaranth may be an alternative for systematics, conservation, management, and germplasm ordination for crop improvement. © 2020. All rights reserved.","Amaranthus landraces; canonical discriminant analysis; germplasm characterization; morphology; systematics","","P. Rivas-Valencia; Instituto Nacional de Investigaciones Forestales Agrícolas y Pecuarias, Campo Experimental Valle de México, Texcoco, Km.13.5 de la Carretera los Reyes-Texcoco, Coatlinchán, 56250, Mexico; email: rivas.patricia07@gmail.com","","Colegio de Postgraduados","14053195","","","","English","Agrociencia","Article","Final","","Scopus","2-s2.0-85116387248"
"Schafleitner R.; Lin Y.-P.; Dinssa F.F.; N'Danikou S.; Finkers R.; Minja R.; Abukutsa-Onyango M.; Nyonje W.A.; Lin C.-Y.; Wu T.-H.; Sigalla J.P.; van Zonneveld M.; Hsiao Y.-Y.; Kumar S.; Wu W.-J.; Wang H.-I.; Lin S.; Yang R.-Y.","Schafleitner, Roland (16064549900); Lin, Ya-ping (57217331221); Dinssa, Fekadu Fufa (56737073100); N'Danikou, Sognigbé (37077637600); Finkers, Richard (15839717800); Minja, Ruth (56024949100); Abukutsa-Onyango, Mary (35304568500); Nyonje, Winnie Akinyi (57223924357); Lin, Chen-yu (55584790400); Wu, Tien-hor (57194552641); Sigalla, Jeremiah Phanuel (57561987500); van Zonneveld, Maarten (26024021000); Hsiao, Yun-yin (57222276261); Kumar, Sanjeet (57209815598); Wu, Wan-jen (57194385560); Wang, Hsin-I (57204001718); Lin, Shou (57562186000); Yang, Ray-yu (55215681500)","16064549900; 57217331221; 56737073100; 37077637600; 15839717800; 56024949100; 35304568500; 57223924357; 55584790400; 57194552641; 57561987500; 26024021000; 57222276261; 57209815598; 57194385560; 57204001718; 57562186000; 55215681500","The World Vegetable Center Amaranthus germplasm collection: Core collection development and evaluation of agronomic and nutritional traits","2022","Crop Science","62","3","","1173","1187","28","10.1002/csc2.20715","https://www.scopus.com/pages/publications/85127544949?origin=resultslist","World Vegetable Center, P.O. Box 42, Shanhua, 74199, Taiwan; World Vegetable Center, Eastern and Southern Africa, Duluti, PO Box 10, Arusha, Tanzania; Dep. of Plant Breeding, Wageningen Univ. and Research, P.O. Box 16, Wageningen, 6700, Netherlands; Mikocheni Agricultural Research Institute, P.O. Box 6226, Dar es Salaam, Tanzania; Jomo Kenyatta University of Agriculture and Technology, P.O. Box 62 000 – 00200, Nairobi, Kenya; Global Health Program, National Taiwan University, No. 17 Xuzhou Rd., Zhongzheng District, Taipei, 100025, Taiwan","Schafleitner R., World Vegetable Center, P.O. Box 42, Shanhua, 74199, Taiwan; Lin Y.-P., World Vegetable Center, P.O. Box 42, Shanhua, 74199, Taiwan; Dinssa F.F., World Vegetable Center, Eastern and Southern Africa, Duluti, PO Box 10, Arusha, Tanzania; N'Danikou S., World Vegetable Center, Eastern and Southern Africa, Duluti, PO Box 10, Arusha, Tanzania; Finkers R., Dep. of Plant Breeding, Wageningen Univ. and Research, P.O. Box 16, Wageningen, 6700, Netherlands; Minja R., Mikocheni Agricultural Research Institute, P.O. Box 6226, Dar es Salaam, Tanzania; Abukutsa-Onyango M., Jomo Kenyatta University of Agriculture and Technology, P.O. Box 62 000 – 00200, Nairobi, Kenya; Nyonje W.A., Jomo Kenyatta University of Agriculture and Technology, P.O. Box 62 000 – 00200, Nairobi, Kenya; Lin C.-Y., World Vegetable Center, P.O. Box 42, Shanhua, 74199, Taiwan; Wu T.-H., World Vegetable Center, P.O. Box 42, Shanhua, 74199, Taiwan; Sigalla J.P., World Vegetable Center, Eastern and Southern Africa, Duluti, PO Box 10, Arusha, Tanzania; van Zonneveld M., World Vegetable Center, P.O. Box 42, Shanhua, 74199, Taiwan; Hsiao Y.-Y., World Vegetable Center, P.O. Box 42, Shanhua, 74199, Taiwan; Kumar S., World Vegetable Center, P.O. Box 42, Shanhua, 74199, Taiwan; Wu W.-J., World Vegetable Center, P.O. Box 42, Shanhua, 74199, Taiwan; Wang H.-I., World Vegetable Center, P.O. Box 42, Shanhua, 74199, Taiwan; Lin S., World Vegetable Center, P.O. Box 42, Shanhua, 74199, Taiwan; Yang R.-Y., Global Health Program, National Taiwan University, No. 17 Xuzhou Rd., Zhongzheng District, Taipei, 100025, Taiwan","Amaranth (Amaranthus spp.) is an underutilized crop increasing in popularity as a grain and as a leafy vegetable. It is rich in protein, minerals, and vitamins, and adapts well to a range of production systems. Currently, the lack of improved cultivars limits the use of the crop. Breeding-improved cultivars requires access to large collections of amaranth biodiversity stored in genebanks. The task of searching such vast collections for traits of interest can be eased by generating core collections, which display the diversity of large collections in a much smaller germplasm set. The World Vegetable Center amaranth collection contains around 1,000 accessions of 13 species; among them, there are 281 accessions of four species important for use as vegetable amaranth in Africa (A. cruentus, A. hypochondriacus, A. caudatus, and A. dubius). Based on single nucleotide polymorphism (SNP) marker genotype diversity, a core collection (CC) of 76 accessions, cultivars, and selections was assembled. To a large extent, it represents the diversity of the whole collection. The CC was evaluated for yield and nutritional parameters during the cool and warm seasons in Tanzania and Taiwan and a pretest for variation of drought tolerance in the CC has been performed. Cultivar Madiira 2, an improved cultivar developed for vegetable production in Africa, outperformed all other tested cultivars in terms of yield stability, but several CC accessions had higher yield, lower wilting score, and higher nutrient content than Madiira 2. This indicates the core collection can be used for further improvement of amaranth cultivars. © 2022 The Authors. Crop Science published by Wiley Periodicals LLC on behalf of Crop Science Society of America.","","","R. Schafleitner; World Vegetable Center, Shanhua, P.O. Box 42, 74199, Taiwan; email: roland.schafleitner@worldveg.org","","John Wiley and Sons Inc","0011183X","","CRPSA","","English","Crop Sci.","Article","Final","All Open Access; Green Open Access; Hybrid Gold Open Access","Scopus","2-s2.0-85127544949"
"Patel K.S.; Parihar A.; Gami R.A.; Chaurasia P.; Patel P.J.; Chauhan R.M.","Patel, K.S. (58413153000); Parihar, A. (35756270900); Gami, R.A. (49963379000); Chaurasia, Pratibha (59428913600); Patel, P.J. (57206254855); Chauhan, R.M. (35837378800)","58413153000; 35756270900; 49963379000; 59428913600; 57206254855; 35837378800","Molecular Characterization in Grain Amanranthus (Amaranthus spp.) using RAPD marker","2014","Research Journal of Biotechnology","9","2","","29","35","2","","https://www.scopus.com/pages/publications/84894676400?origin=resultslist","Department of Genetics and Plant Breeding, C. P. College of Agriculture, S. D. Agricultural University, Sardarkrushinagar-385 506, India; Department of Agricultural Biotechnology, Centre of Excellence in Biotechnology Anand Agricultural University, Anand-388110, India","Patel K.S., Department of Genetics and Plant Breeding, C. P. College of Agriculture, S. D. Agricultural University, Sardarkrushinagar-385 506, India; Parihar A., Department of Agricultural Biotechnology, Centre of Excellence in Biotechnology Anand Agricultural University, Anand-388110, India; Gami R.A., Department of Genetics and Plant Breeding, C. P. College of Agriculture, S. D. Agricultural University, Sardarkrushinagar-385 506, India; Chaurasia P., Department of Genetics and Plant Breeding, C. P. College of Agriculture, S. D. Agricultural University, Sardarkrushinagar-385 506, India; Patel P.J., Department of Genetics and Plant Breeding, C. P. College of Agriculture, S. D. Agricultural University, Sardarkrushinagar-385 506, India; Chauhan R.M., Department of Genetics and Plant Breeding, C. P. College of Agriculture, S. D. Agricultural University, Sardarkrushinagar-385 506, India","RAPD assessment on genetic variation of total 58 accessions comprising 15 parental genotypes and their 43 F1 hybrids of grain Amaranthus were analyzed. Among the 40 tested primers, four primers viz. OPA-06, OPA-10, OPA-14 and OPA-15 were able to discriminate all the genotypes sufficiently. In RAPD analysis, at the intraspecific level, the percentages of RAPD polymorphism were found to be 71.43 (A. hypochondriacus), 100 (A. cruentus), 100 (A. caudatus), 75.76 [IC-1733 (A. edulis)] and 84.85 [SKGPA-144 (A. tricolor)] and hybrids showed varied degree of polymorphism ranging from 42.86 to 71.43 per cent. The population matrix showed that allele at SKGPA-144 (Amaranthus tricolor) and F1 hybrids have maximum genetic distance of 0.742 to 0.962 in all populations while population IC-1733 (Amaranthus edulis) has minimum genetic distance among all the germplasm. The lowest and the maximum genetic distance of IC-1733(Amaranthus edulis) was 0.663 and 0.720 respectively to all populations. It further matches the pattern of allelic frequency distribution where SKGPA-144(Amaranthus tricolor) and F1 have remarkable high polymorphism.","Genomic DNA; Polymorphism and genetic variation; RAPD","","","","","22784535","","","","English","Res. J. Biotechnol.","Article","Final","","Scopus","2-s2.0-84894676400"
"Rivelli A.R.; Gherbin P.; de Maria S.; Pizza S.","Rivelli, Anna Rita (9734151700); Gherbin, Piergiorgio (15843024900); de Maria, Susanna (36054465000); Pizza, Salvatore (16556372300)","9734151700; 15843024900; 36054465000; 16556372300","Field evaluation of Amaranthus species for seed and biomass yields in southern Italy","2008","Italian Journal of Agronomy","3","3","","225","229","18","10.4081/ija.2008.225","https://www.scopus.com/pages/publications/84857322190?origin=resultslist","Department of Crop Systems, Forestry and Environmental Sciences, University of Basilicata, 85100 Potenza, Viale dell'Ateneo Lucano, 10, Italy","Rivelli A.R., Department of Crop Systems, Forestry and Environmental Sciences, University of Basilicata, 85100 Potenza, Viale dell'Ateneo Lucano, 10, Italy; Gherbin P., Department of Crop Systems, Forestry and Environmental Sciences, University of Basilicata, 85100 Potenza, Viale dell'Ateneo Lucano, 10, Italy; de Maria S., Department of Crop Systems, Forestry and Environmental Sciences, University of Basilicata, 85100 Potenza, Viale dell'Ateneo Lucano, 10, Italy; Pizza S., Department of Crop Systems, Forestry and Environmental Sciences, University of Basilicata, 85100 Potenza, Viale dell'Ateneo Lucano, 10, Italy","Amaranth is a crop with a potentially increasing cultivation area. Little information is available on amaranth cultivation in Mediterranean environments and in southern Italy. The aim of this study was to evaluate the agronomic traits and assess the grain and biomass yield responses of 11 genotypes belonging to 5 Amaranthus species, provided from the USDA-ARS, National Plant Germplasm System. There was wide diversity in agronomic traits among Amaranthus species and among genotypes within the same species. The accessions belonging to A. cruentus had the shortest growing cycle followed by A. hybridus, A. hypochondriacus, A. caudatus and, finally, A. hybrid that had the longest growing season. The A. cruentus accessions reached maturity more quickly than the other species. The total above-ground dry matter ranged from 15 to 23 t ha-1 with A. cruentus, A. hypochondriacus, and A. hybridus being the most productive. The stem plus branches dry matter was well correlated to the plant height (r2 = 0.75**). The tested amaranth genotypes showed appreciable biomass production that can thus be regarded as an interesting secondary product after seed harvesting. Grain yield and components varied among species and accessions. A. hypochondriacus showed the highest yield per plant (55.4 g) followed by five accessions belonging to A. cruentus and A. hybridus (26.4 g on average). Considering together their shorter growing season and their higher grain production, the five accessions belonging to A. cruentus species appear to be better adapted to Mediterranean environments and southern Italy as compared to the other species.","Agronomic traits; Amaranth species; Growing cycle; Mediterranean environment","Amaranthus; Amaranthus caudatus; Amaranthus cruentus; Amaranthus hybridus; Amaranthus hypochondriacus","A. R. Rivelli; Department of Crop Systems, Forestry and Environmental Sciences, University of Basilicata, 85100 Potenza, Viale dell'Ateneo Lucano, 10, Italy; email: annarita.rivelli@unibas.it","","Page Press Publications","11254718","","","","English","Ital. J. Agron.","Article","Final","All Open Access; Gold Open Access; Green Open Access","Scopus","2-s2.0-84857322190"
"Ray T.; Roy S.C.","Ray, Tui (8227083900); Roy, Satyesh Chandra (55476505000)","8227083900; 55476505000","Genetic diversity of amaranthus species from the indo-gangetic plains revealed by RAPD analysis leading to the development of ecotype-specific SCAR marker","2009","Journal of Heredity","100","3","","338","347","49","10.1093/jhered/esn102","https://www.scopus.com/pages/publications/65349146597?origin=resultslist","Department of Botany, Centre of Advanced Study, University of Calcutta, Kolkata 700019, Ballygunge Circular Road, India; Plant Biology Division, Samuel Roberts Noble Foundation, Ardmore, OK 73401, 2510 Sam Noble Parkway, United States","Ray T., Department of Botany, Centre of Advanced Study, University of Calcutta, Kolkata 700019, Ballygunge Circular Road, India; Roy S.C., Department of Botany, Centre of Advanced Study, University of Calcutta, Kolkata 700019, Ballygunge Circular Road, India, Plant Biology Division, Samuel Roberts Noble Foundation, Ardmore, OK 73401, 2510 Sam Noble Parkway, United States","Genetic diversity and relationships among 6 Amaranthus species from 8 phytogeographic regions of the Indo-Gangetic plains were analyzed using a random amplified polymorphic DNA (RAPD) marker. RAPD primers yielded a total of 262 amplicons, ranging from ∼250 to ∼3000 bp in size with an average of 13.1 amplicons per primer, of which 254 amplicons (96.94%) were polymorphic. The genetic similarity coefficient among all the Amaranthus species ranged from 0.16 to 0.97 with a mean similarity coefficient of 0.56, indicating that variation existed in the genetic diversity of different populations. In the unweighted pair group method with arithmetic average dendrogram, populations of the same species clustered together. A unique 1371-bp RAPD band specific for Amaranthus gangeticus (syn. tricolor) of a particular phytogeographic region was converted to a sequenced characterized amplified region (SCAR) marker. The translated marker sequence showed homology with hemagglutinin protein. This SCAR marker is potentially useful for germplasm conservation and identification of amaranth ecotype. © 2009 The American Genetic Association. All rights reserved.","Amaranths; Ecotype; RAPD; SCAR","Amaranthus; Base Sequence; DNA, Plant; Genes, Plant; Genetic Markers; Genetic Variation; India; Molecular Sequence Data; Phylogeny; Random Amplified Polymorphic DNA Technique; Amaranthus; Amaranthus caudatus; Amaranthus tricolor; DNA marker; genomic DNA; hemagglutinin; Amaranthus; amplicon; article; controlled study; ecotype; gene cluster; genetic variability; marker gene; nonhuman; nucleotide sequence; phylogenetic tree; phytogeography; population genetics; priority journal; random amplified polymorphic DNA; sequence characterized amplified region; sequence homology","S. C. Roy; Department of Botany, Centre of Advanced Study, University of Calcutta, Kolkata 700019, Ballygunge Circular Road, India; email: scroy_caluniv@yahoo.com","","","14657333","","JOHEA","19060233","English","J. Hered.","Article","Final","","Scopus","2-s2.0-65349146597"
"Gupta V.K.; Gudu S.","Gupta, V.K. (57225942079); Gudu, S. (6507787406)","57225942079; 6507787406","Interspecific hybrids and possible phylogenetic relations in grain amaranths","1991","Euphytica","52","1","","33","38","39","10.1007/BF00037854","https://www.scopus.com/pages/publications/0002374671?origin=resultslist","Department of Crop Science, University of Nairobi, Nairobi, P.O. Box 30197, Kenya","Gupta V.K., Department of Crop Science, University of Nairobi, Nairobi, P.O. Box 30197, Kenya; Gudu S., Department of Crop Science, University of Nairobi, Nairobi, P.O. Box 30197, Kenya","Phylogenetic relations among the three species in grain amaranth need investigation to provide information for breeding experiments germplasm conservation efforts, and decision on evolutionary patterns in the grain types. Hybrid development from crosses between species was studied to find out genetic relationship between them. Interspecific crosses were made among Amaranthus hypochondriacus, A. caudatus and A. cruentus in the glasshouse. The F1 plants were relatively easy to obtain but had low pollen fertility (10.3-15.1%) and low seed set. A few of these hybrids did not produce seeds. Only a few F1 seeds obtained in crosses between A. cruentus and A. caudatus. All the F1 plants from these crosses died at the seedling stage. Crosses between A. cruentus and A. hypochondriacus produced few seeds. Most of the F1 plants obtained from the seeds died at the seedling stage with only four plants growing to maturity but were sterile. Based on hybrid development, it was suggested that A. hypochondriacus and A. caudatus were genetically closer than the other two combinations of species studied. A. cruentus seemed to be genetically closer to A. hypochondriacus than it was to A. caudatus. © 1991 Kluwer Academic Publishers.","Amaranthus species; grain amaranths; interspecific hybrids; phylogenetic relationships","","","","Kluwer Academic Publishers","15735060","","EUPHA","","English","Euphytica","Article","Final","","Scopus","2-s2.0-0002374671"
"Thapa R.; Blair M.W.","Thapa, Ranjita (57204781156); Blair, Matthew W. (7102440302)","57204781156; 7102440302","Morphological assessment of cultivated and wild amaranth species diversity","2018","Agronomy","8","11","272","","","55","10.3390/agronomy8110272","https://www.scopus.com/pages/publications/85057098840?origin=resultslist","Department of Agriculture and Environmental Sciences, College of Agriculture, Tennessee State University, Nashville, 37209, TN, United States; Department of Soil and Crop Sciences, College of Agriculture and Life Sciences, Texas A and M University, College Station, 77843, TX, United States","Thapa R., Department of Agriculture and Environmental Sciences, College of Agriculture, Tennessee State University, Nashville, 37209, TN, United States, Department of Soil and Crop Sciences, College of Agriculture and Life Sciences, Texas A and M University, College Station, 77843, TX, United States; Blair M.W., Department of Agriculture and Environmental Sciences, College of Agriculture, Tennessee State University, Nashville, 37209, TN, United States","Amaranthus L. is genus of C4 dicotyledonous herbaceous plants comprising approximately 70 species, with three subgenera, which contains both cultivated and wild types, where cultivated ones are used for food grains, leafy vegetables, potential forages and ornamentals. Grain amaranth are pseudocereals from three species domesticated in North and South America and are notable for containing high amount of protein and minerals and balanced amino acid in their small seeds. Genetic diversity analysis of amaranths is important for development of core set of germplasm with widely diverse population and effective utilization of plant genetic resources. In this study, we evaluated a germplasm collection of 260 amaranth accessions from United State Department of Agriculture (USDA) and 33 accessions from Seed Savers’ Exchange (SSE). We evaluated morphological traits like blade pigmentation, blade shape, petiole pigmentation, branching index, flower color, stem color, inflorescence density, inflorescence shape, terminal inflorescence attitude, plant height and yield characteristics across all 293 accessions. We compared clustering within the USDA and SSE collection and across both collections. Data analysis of morphological data showed significant difference of petiole pigmentation, stem color, blade pigmentation, blade shape and flower color across different clusters of accessions of USDA unlike among different clusters of SSE where we found significant difference of only blade pigmentation, blade shape and flower color. The relationship depicted by neighbor-joining dendogram using the morphological markers was consistent with some but not all of the differences observed between species. Some divisions were found between cultivated and weedy amaranths that was substantiated by morphological characteristics but no separation of South and Central American species was observed. Substantial phenotypic plasticity limits the use of morphological analysis for phylogenetic analysis but does show that important morphological traits such as inflorescence type and plant architecture can cross species boundaries. Similarly, color variants for leaves, flowers and seeds are not exclusive to one cluster in our study nor to one species and can be used widely for breeding any of the cultigens, but not to species identification. Our findings will help in germplasm conservation of grain amaranths and facilitate in this crop’s improvement. It will also help on developing effective breeding programs involving different plant characteristics and morphological traits of Amaranths. © 2018 by the authors.","A. cruentus L.; A. hypochondriacus L.; Amaranthus caudatus L.; Ancient grains; Diversity analysis; Domesticates; Pseudocereals","","M.W. Blair; Department of Agriculture and Environmental Sciences, College of Agriculture, Tennessee State University, Nashville, 37209, United States; email: mblair@tnstate.edu","","MDPI AG","20734395","","","","English","Agronomy","Article","Final","All Open Access; Gold Open Access; Green Open Access","Scopus","2-s2.0-85057098840"
"Ochieng J.; Schreinemachers P.; Ogada M.; Dinssa F.F.; Barnos W.; Mndiga H.","Ochieng, Justus (37462018900); Schreinemachers, Pepijn (12039428300); Ogada, Maurice (55990751400); Dinssa, Fekadu Fufa (56737073100); Barnos, William (57205741345); Mndiga, Hassan (11639049700)","37462018900; 12039428300; 55990751400; 56737073100; 57205741345; 11639049700","Adoption of improved amaranth varieties and good agricultural practices in East Africa","2019","Land Use Policy","83","","","187","194","59","10.1016/j.landusepol.2019.02.002","https://www.scopus.com/pages/publications/85061405437?origin=resultslist","World Vegetable Center, Eastern and Southern Africa, P.O. Box 10 Duluti, Arusha, Tanzania; World Vegetable Center, East and Southeast Asia, (Kasetsart University), P.O. Box 1010, Bangkok, 10903, Thailand; Taita Taveta University, P.O. Box 635-80300, Voi, Kenya; Moshi Cooperative University (MoCU), P. O. Box 474, Moshi, Tanzania; Horticultural Research and Training Institute (Hort Tengeru), Arusha, Tanzania","Ochieng J., World Vegetable Center, Eastern and Southern Africa, P.O. Box 10 Duluti, Arusha, Tanzania; Schreinemachers P., World Vegetable Center, East and Southeast Asia, (Kasetsart University), P.O. Box 1010, Bangkok, 10903, Thailand; Ogada M., Taita Taveta University, P.O. Box 635-80300, Voi, Kenya; Dinssa F.F., World Vegetable Center, Eastern and Southern Africa, P.O. Box 10 Duluti, Arusha, Tanzania; Barnos W., Moshi Cooperative University (MoCU), P. O. Box 474, Moshi, Tanzania; Mndiga H., World Vegetable Center, Eastern and Southern Africa, P.O. Box 10 Duluti, Arusha, Tanzania, Horticultural Research and Training Institute (Hort Tengeru), Arusha, Tanzania","This study quantifies the adoption of improved amaranth varieties in Kenya and Tanzania, and the extent to which these result from international vegetable breeding research conducted by the World Vegetable Center (WorldVeg) and partners. The study used expert elicitation and a questionnaire survey among vegetable seed producers. Nine expert panels were conducted involving 123 local experts. The results show that improved amaranth varieties were planted on 51% of the planted area in Kenya and 70% in Tanzania. Improved varieties were planted on 17,502 ha and reached 404 thousand smallholder farmers. WorldVeg is the main source of improved varieties, reaching 231 thousand farm households in Kenya and Tanzania. Seed companies sold 2.9 tons of amaranth seed in 2016 and 59% of this was WorldVeg-based germplasm. Opportunities exist to improve amaranth production through the development and promotion of better varieties (particularly resistance to white rust and leaf spot) and good agronomic practices (particularly the use of certified seed, mineral fertilizers, seed treatment and nurseries). Investment in amaranth research and development will contribute to better livelihoods and better nutrition in sub-Saharan Africa. © 2019 The Authors","Expert elicitation; Impact; Kenya; Scaling; Tanzania; Technology adoption; Vegetables","Kenya; Tanzania; Albuginaceae; Amaranthus caudatus; agricultural practice; livelihood; nutrition; research and development; smallholder; technology adoption; vegetable","J. Ochieng; World Vegetable Center, Eastern and Southern Africa, Arusha, P.O. Box 10 Duluti, Tanzania; email: justus.ochieng@worldveg.org","","Elsevier Ltd","02648377","","","","English","Land Use Policy","Article","Final","All Open Access; Hybrid Gold Open Access","Scopus","2-s2.0-85061405437"
"Suresh S.; Chung J.-W.; Cho G.-T.; Sung J.-S.; Park J.-H.; Gwag J.-G.; Baek H.-J.","Suresh, S. (55359188300); Chung, J.-W. (12645833300); Cho, G.-T. (21733960100); Sung, J.-S. (34168456700); Park, J.-H. (55614618100); Gwag, J.-G. (15072851400); Baek, H.-J. (7006723838)","55359188300; 12645833300; 21733960100; 34168456700; 55614618100; 15072851400; 7006723838","Analysis of molecular genetic diversity and population structure in Amaranthus germplasm using SSR markers","2014","Plant Biosystems","148","4","","635","644","37","10.1080/11263504.2013.788095","https://www.scopus.com/pages/publications/84922147713?origin=resultslist","National Agrobiodiversity Center, National Academy of Agricultural Science, Rural Development Administration, Suwon, South Korea","Suresh S., National Agrobiodiversity Center, National Academy of Agricultural Science, Rural Development Administration, Suwon, South Korea; Chung J.-W., National Agrobiodiversity Center, National Academy of Agricultural Science, Rural Development Administration, Suwon, South Korea; Cho G.-T., National Agrobiodiversity Center, National Academy of Agricultural Science, Rural Development Administration, Suwon, South Korea; Sung J.-S., National Agrobiodiversity Center, National Academy of Agricultural Science, Rural Development Administration, Suwon, South Korea; Park J.-H., National Agrobiodiversity Center, National Academy of Agricultural Science, Rural Development Administration, Suwon, South Korea; Gwag J.-G., National Agrobiodiversity Center, National Academy of Agricultural Science, Rural Development Administration, Suwon, South Korea; Baek H.-J., National Agrobiodiversity Center, National Academy of Agricultural Science, Rural Development Administration, Suwon, South Korea","We assessed the molecular genetic diversity and population structure of Amaranthus species accessions using 11 simple sequence repeat markers. A total of 122 alleles were detected, and the number of alleles per marker (NA) ranged from 6 to 21 with an average of 11.1 alleles. The frequency of major alleles per locus ranged from 0.148 to 0.695, with an average value of 0.496 per marker. The overall polymorphic information content values were 0.436–0.898, with an average value of 0.657. The observed heterozygosity (HO) and expected heterozygosity (HE) ranged from 0.056 to 0.876 and from 0.480 to 0.907, with average values of 0.287 and 0.698, respectively. The average HO (0.240) was lower than the HE and gene flow (Nm), and showed substantial genetic variability among all populations of amaranth accessions. The sample groupings did not strictly follow the geographic affiliations of the accessions. A similar pattern was obtained using model-based structure analysis without grouping by species type. Knowledge of the genetic diversity and population structure of amaranth can be used to select representative genotypes and manage Amaranthus germplasm breeding programs. © 2013, © 2013 Societá Botanica Italiana.","Amaranthus; AMOVA; genetic diversity; population structure; SSR marker","Amaranthus; Amaranthus caudatus","H.-J. Baek; National Agrobiodiversity Center, National Academy of Agricultural Science, Rural Development Administration, Suwon, 441-853, South Korea; email: hjbaek@korea.kr","","Taylor and Francis Ltd.","11263504","","GBOIA","","English","Plant Biosyst.","Article","Final","","Scopus","2-s2.0-84922147713"
"Wu X.; Blair M.W.","Wu, Xingbo (57157468200); Blair, Matthew W. (7102440302)","57157468200; 7102440302","Diversity in grain amaranths and relatives distinguished by genotyping by sequencing (GBS)","2017","Frontiers in Plant Science","8","","1960","","","55","10.3389/fpls.2017.01960","https://www.scopus.com/pages/publications/85035762911?origin=resultslist","Department of Agricultural and Environmental Sciences, Tennessee State University, Nashville, TN, United States","Wu X., Department of Agricultural and Environmental Sciences, Tennessee State University, Nashville, TN, United States; Blair M.W., Department of Agricultural and Environmental Sciences, Tennessee State University, Nashville, TN, United States","The genotyping by sequencing (GBS) method has become a molecular marker technology of choice for many crop plants because of its simultaneous discovery and evaluation of a large number of single nucleotide polymorphisms (SNPs) and utility for germplasm characterization. Genome representation and complexity reduction are the basis for GBS fingerprinting and can vary by species based on genome size and other sequence characteristics. Grain amaranths are a set of three species that were domesticated in the New World to be high protein, pseudo-cereal grain crops. The goal of this research was to employ the GBS technique for diversity evaluation in grain amaranth accessions and close relatives from six Amaranthus species and determine genetic differences and similarities between groupings. A total of 10,668 SNPs were discovered in 94 amaranth accessions with ApeKI complexity reduction and 10X genome coverage Illumina sequencing. The majority of the SNPs were species specific with 4,568 and 3,082 for the two grain amaranths originating in Central America Amaranthus cruentus and A. hypochondriacus and 3,284 found amongst both A. caudatus, originally domesticated in South America, and its close relative, A. quitensis. The distance matrix based on shared alleles provided information on the close relationships of the two cultivated Central American species with each other and of the wild and cultivated South American species with each other, as distinguished from the outgroup with two wild species, A. powellii and A. retroflexus. The GBS data also distinguished admixture between each pair of species and the geographical origins and seed colors of the accessions. The SNPs we discovered here can be used for marker development for future amaranth study. © 2017 Wu and Blair.","Domestication of amaranthus; Genetic diversity; Genotyping by sequencing (GBS); Population structure; Single nucleotide polymorphism (SNP) discovery","","M.W. Blair; Department of Agricultural and Environmental Sciences, Tennessee State University, Nashville, United States; email: mblair@tnstate.edu","","Frontiers Media S.A.","1664462X","","","","English","Front. Plant Sci.","Article","Final","All Open Access; Gold Open Access; Green Open Access","Scopus","2-s2.0-85035762911"
"Vaidya K.R.; Jain S.K.","Vaidya, K.R. (7003968828); Jain, S.K. (57193135921)","7003968828; 57193135921","Genetic variation in amaranth landraces from India","2002","Journal of Genetics and Breeding","56","3","","193","204","1","","https://www.scopus.com/pages/publications/0036770541?origin=resultslist","Department of Life Sciences (Botany), University of the West Indies, Mona, Kingston 7, Jamaica; Dept. of Agronomy and Range Science, University of California, Davis, CA 95616, United States","Vaidya K.R., Department of Life Sciences (Botany), University of the West Indies, Mona, Kingston 7, Jamaica; Jain S.K., Dept. of Agronomy and Range Science, University of California, Davis, CA 95616, United States","Ten landrace populations of grain amaranths (Amaranthus hypochondriacus and A. caudatus) from two geographical regions of India were assessed for genetic variation in quantitative and qualitative characters. The quantitative characters were: leaf length, leaf width, petiole length, leaf number per plant, branch number per plant, plant height, days to flowering, inflorescence length and biomass. Significant differences for the quantitative characters were observed among these landrace populations in contrast to their largely monomorphic pattern of allozyme variation. Between - and within - family genetic variances (s2b and s2w) were estimated; between-family variances were significant for all metric characters. Evidence for heterozygosity within a large proportion of families was obtained from their segregation for qualitative characters including monogenic seedling color and digenic leaf marker traits. In fact, these landrace populations from northern India showed more intra- and inter-population variation than those sampled from the New World centers of origin. A discriminant analysis of quantitative variation further showed that the populations used in this study were genetically differentiated into at least two distinct regional groups. It appeared that an optimal germplasm collecting strategy should be based on both morphological and allozyme data: samples should include populations from many different geographical areas and from adequate numbers of individuals (e.g., 50-100 plants) per population, scored and harvested separately to provide data on heterozygote frequency as well as multigenic associations.","Amaranthus spp.; Genetic variation; Grain amaranth; Landrace populations","Amaranthus; Amaranthus caudatus; Amaranthus hypochondriacus; Embryophyta","","","","03949257","","JGBRE","","English","J. Genet. Breed.","Article","Final","","Scopus","2-s2.0-0036770541"
"Shukla A.; Srivastava N.; Suneja P.; Yadav S.K.; Hussain Z.; Rana J.C.; Yadav S.","Shukla, Alka (55599090000); Srivastava, Nidhi (57189316141); Suneja, Poonam (6507860315); Yadav, Shiv K. (57200697897); Hussain, Zakir (58825680900); Rana, J.C. (24173806200); Yadav, Sangita (59194083400)","55599090000; 57189316141; 6507860315; 57200697897; 58825680900; 24173806200; 59194083400","Untapped amaranth (Amaranthus spp.) genetic diversity with potential for nutritional enhancement","2018","Genetic Resources and Crop Evolution","65","1","","243","253","22","10.1007/s10722-017-0526-0","https://www.scopus.com/pages/publications/85020291728?origin=resultslist","Department of Bioscience and Biotechnology, Banasthali University, Rajasthan, 304022, India; Division of Seed Science and Technology, ICAR-IARI, New Delhi, 110012, India; Division of Vegetable Science, ICAR-IARI, New Delhi, 110012, India; Germplasm Evaluation Division, ICAR-NBPGR, New Delhi, 110012, India","Shukla A., Department of Bioscience and Biotechnology, Banasthali University, Rajasthan, 304022, India; Srivastava N., Department of Bioscience and Biotechnology, Banasthali University, Rajasthan, 304022, India; Suneja P., Germplasm Evaluation Division, ICAR-NBPGR, New Delhi, 110012, India; Yadav S.K., Division of Seed Science and Technology, ICAR-IARI, New Delhi, 110012, India; Hussain Z., Division of Vegetable Science, ICAR-IARI, New Delhi, 110012, India; Rana J.C., Germplasm Evaluation Division, ICAR-NBPGR, New Delhi, 110012, India; Yadav S., Division of Seed Science and Technology, ICAR-IARI, New Delhi, 110012, India","Significant genetic diversity was observed in 218 out of a total of 1309 accessions of amaranth (Amaranthus hypochondriacus L.) and its seven wild relatives, A. spinosus L., A. dubius Mart. ex Thell., A. hybridus L., A. tricolor L., A. cruentus L., A. caudatus L., A. retroflexus L. for 24 nutritional parameters including total oil content, fatty acid profile, total protein content and amino acid profile. Diversity for total oil content (6.42–12.53%), linoleic acid (25.68–54.34%), oleic acid (21.97–42.01%) of the total fatty acids, total protein content (7.84–18.01%), among important essential amino acids; lysine content (0.66–11.12 g/16 g N), methionine (0.35–4.80 g/16 g N) and half cystine and (0.12–8.32 g/16 g N) was reported. The un-weighted pair-group method using arithmetic average cluster analysis based on pair wise Euclidean genetic distance grouped the accessions into seven major clusters. Histidine, half cystine, tyrosine, essential amino acids, total oil content, linoleic acid and oleic acid content were the major parameters contributing significantly to genetic diversity. Present findings indicate that significant diversity exists for nutritional parameters in amaranth germplasm. The promising accessions with higher multiple nutritive traits; protein content (>16%), oil content (>11%), lysine content (>7.5 g/16 g N) and EAA higher than the FAO reported values, were identified. This is the first report on detailed nutritional analysis of diversity collected worldwide. These could be used as potential breeding material for nutritional enhancement through genetic improvement. This will help in overcoming the “triple burden” of malnourishment, hidden hunger, and obesity. © 2017, Springer Science+Business Media Dordrecht.","Amaranthus spp; Amino acid profiling; Fatty acid profiling; Genetic diversity; Oil; Protein","Amaranthus; Amaranthus caudatus; Amaranthus cruentus; Amaranthus dubius; Amaranthus hybridus; Amaranthus hypochondriacus; Amaranthus retroflexus; Amaranthus spinosus; Amaranthus tricolor; amino acid; angiosperm; biochemical composition; fatty acid; genetic variation; germplasm; nutrient dynamics; oil; phytochemistry; protein; wild population","S. Yadav; Division of Seed Science and Technology, ICAR-IARI, New Delhi, 110012, India; email: sangitaydv@gmail.com","","Springer Netherlands","09259864","","GRCEE","","English","Genet. Resour. Crop. Evol.","Article","Final","","Scopus","2-s2.0-85020291728"
"Costea M.; Brenner D.M.; Tardif F.J.; Tan Y.F.; Sun M.","Costea, M. (57203030081); Brenner, D.M. (7201995759); Tardif, F.J. (7003938941); Tan, Y.F. (56326597300); Sun, M. (7403181447)","57203030081; 7201995759; 7003938941; 56326597300; 7403181447","Delimitation of Amaranthus cruentus L. and Amaranthus caudatus L. using micromorphology and AFLP analysis: An application in germplasm identification","2006","Genetic Resources and Crop Evolution","53","8","","1625","1633","37","10.1007/s10722-005-2288-3","https://www.scopus.com/pages/publications/33845353895?origin=resultslist","Department of Biology, Wilfrid Laurier University, Waterloo, Ont. N2L3C5, 75 University Avenue West, Canada; Department of Agronomy, Plant Introduction Station, Iowa State University, Ames, IA 50011-1170, United States; Department of Plant Agriculture, University of Guelph, Guelph, Ont. N1G2W1, Canada; Departments of Botany and Zoology, University of Hong Kong, Hong Kong, Hong Kong","Costea M., Department of Biology, Wilfrid Laurier University, Waterloo, Ont. N2L3C5, 75 University Avenue West, Canada; Brenner D.M., Department of Agronomy, Plant Introduction Station, Iowa State University, Ames, IA 50011-1170, United States; Tardif F.J., Department of Plant Agriculture, University of Guelph, Guelph, Ont. N1G2W1, Canada; Tan Y.F., Departments of Botany and Zoology, University of Hong Kong, Hong Kong, Hong Kong; Sun M., Departments of Botany and Zoology, University of Hong Kong, Hong Kong, Hong Kong","The 'Morelos' accessions of Amaranthus from Mexico demonstrate taxonomic ambiguity at the basic morphologic level. The main cause is the enormous morphological and genetic variation exhibited by the species in the genus. Although basic morphological criteria can be applied to herbarium specimens or germplasm collections for quick taxonomic identification, the morphological data alone can be misleading. To ascertain the taxonomic identity of the 'Morelos' accessions and their hypothesized species affiliation to Amaranthus caudatus or Amaranthus cruentus, we conducted a comparative analysis of phylogenetic relationships among these taxa/accessions using amplified fragment length polymorphism (AFLP) and micromorphology methods. Based on AFLP data, all the controversial 'Morelos' accessions can be consistently placed into a single A. cruentus species clade, which is clearly separated from the A. caudatus species clade. The AFLP-based phylogenetic relationship of 'Morelos' and delimitation of A. cruentus and A. caudatus are further supported by micromorphology, showing that the combination of these techniques can provide more reliable data for germplasm identification than each method used alone. © 2006 Springer.","AFLP; Amaranthus caudatus; Amaranthus cruentus; Germplasm identification; Grain amaranths; Micromorphology","Amaranthus; Amaranthus caudatus; Amaranthus cruentus; Amaranthus hypochondriacus; angiosperm; genetic analysis; genetic variation; germplasm; identification key; micromorphology; phylogenetics; taxonomy","M. Costea; Department of Biology, Wilfrid Laurier University, Waterloo, Ont. N2L3C5, 75 University Avenue West, Canada; email: mcostea@wlu.ca","","","09259864","","GRCEE","","English","Genet. Resour. Crop. Evol.","Article","Final","","Scopus","2-s2.0-33845353895"
"Sun M.; Chen H.; Leung F.C.","Sun, M. (7403181447); Chen, H. (57192538499); Leung, F.C. (55440652300)","7403181447; 57192538499; 55440652300","Low-Cot DNA sequences for fingerprinting analysis of germplasm diversity and relationships in Amaranthus","1999","Theoretical and Applied Genetics","99","3-4","","464","472","26","10.1007/s001220051258","https://www.scopus.com/pages/publications/0032876224?origin=resultslist","Department of Zoology, University of Hong Kong, Pokfulam Road, Hong Kong","Sun M., Department of Zoology, University of Hong Kong, Pokfulam Road, Hong Kong; Chen H., Department of Zoology, University of Hong Kong, Pokfulam Road, Hong Kong; Leung F.C., Department of Zoology, University of Hong Kong, Pokfulam Road, Hong Kong","We examined genetic diversity and relationships among 24 cultivated and wild Amaranthus accessions using the total low-Cot DNA and five individual repetitive sequences as probes. These low-Cot DNA probes were obtained by the isolation of various classes of repetitive-DNA sequences, including satellites, minisatellites, microsatellites, rDNA, retrotransposon-like sequences, and other unidentified novel repetitive sequences. DNA fingerprints generated by different types of repetitive-DNA probes revealed different levels of polymorphism in the Amaranthus genomes. A repetitive sequence containing microsatellites was found to be a suitable probe for characterizing intraspecific accessions, whereas more conservative sequences (e.g. rDNA) were informative for resolving phylogenetic relationships among distantly related species. Genetic diversity, measured as restriction fragment length polymorphism (RFLP) and the similarity index at the low-Cot DNA level, was equally high among intraspecific accessions between the two species groups: grain amaranths (A. caudatus, A. cruentus, and A. hypochondriacus) and their putative wild progenitors (A. hybridus, A. powellii, anti A. quitensis). At the interspecific level, however, the grain amaranth species are less divergent from each other than their wild progenitors. With the rare exceptions of certain A. caudatus accessions, grain amaranths were found to be closely related to A. hybridus. The results based on low-Cot DNA were comparable with previous RAPD and isozyme studies of the same set of species/accessions of Amaranthus, indicating that low-Cot DNA sequences are suitable probes for a fingerprinting analysis of plant germplasm diversity and for determining phylogenetic relationships.","Amaranthus; DNA fingerprinting; Genetic diversity; Low-Cot DNA; Phylogenetic relationships","DNA fingerprinting; dna minisatellite; genetic diversity; germplasm; microsatellite DNA; plant breeding; plant genetics; restriction fragment length polymorphism; satellite DNA; Amaranthus; Amaranthus caudatus; Amaranthus cruentus; Amaranthus hybridus; Amaranthus hypochondriacus; Amaranthus powellii; Amaranthus quitensis","M. Sun; Department of Zoology, University of Hong Kong, Hong Kong, Pokfulam Road, Hong Kong; email: meisun@hkucc.hku.hk","","","00405752","","THAGA","","English","Theor. Appl. Genet.","Article","Final","","Scopus","2-s2.0-0032876224"
"Chen W.-Q.; Swart W.J.","Chen, Wei-Qun (56092800200); Swart, Wijnand J. (7006605989)","56092800200; 7006605989","The in vitro phytotoxicity of culture filtrates of Fusarium oxysporum to five genotypes of Amaranthus hybridus","2002","Euphytica","127","1","397856","61","67","13","10.1023/A:1019980600219","https://www.scopus.com/pages/publications/0036390332?origin=resultslist","Department of Plant Protection, Faculty of Agriculture, The University of the Orange Free State, Bloemfontein, 9300, P.O. Box 339, South Africa","Chen W.-Q., Department of Plant Protection, Faculty of Agriculture, The University of the Orange Free State, Bloemfontein, 9300, P.O. Box 339, South Africa; Swart W.J., Department of Plant Protection, Faculty of Agriculture, The University of the Orange Free State, Bloemfontein, 9300, P.O. Box 339, South Africa","Stem decay and root rot of Amaranthus hybridus, caused by Fusarium oxysporum is a serious threat to the commercial production of this crop in South Africa. Five Amaranthus hybridus varieties were examined in vitro for sensitivity to a culture filtrate of Fusarium oxysporum. The phytotoxicity of the culture filtrate was assessed for its inhibitory effect on callus and seeding root growth, as well as on the viability of callus cells. The five varieties exhibited a significant amount of variation in response to the culture filtrate of the pathogen. Variety 17 was the most sensitive variety in each bioassay, whereas variety 20 displayed least sensitivity to the culture filtrate. Callus of variety 20 grew well in the presence of concentrations of culture filtrate that were toxic to another four varieties and the percentage mortality of callus cells after exposure to the filtrate was also the lowest of the five varieties. Root growth of variety 20 was also least affected by exposure to the culture filtrate for up to 6 days. To our knowledge, the presence of resistance in germplasm of A. hybridus to culture filtrates of F. oxysporum has not been demonstrated before. The present study is therefore of significant value to breeding programs aimed at speedily finding amaranth cultivars that are resistant to this important pathogen.","Callus; Culture filtrate; Fusarium oxysporum; Indirect disease screening","Amaranthus; Amaranthus caudatus; Amaranthus hybridus; Fungi; Fusarium; Fusarium oxysporum","","","","00142336","","","","English","Euphytica","Article","Final","","Scopus","2-s2.0-0036390332"
"Jimenez F.R.; Maughan P.J.; Alvarez A.; Kietlinski K.D.; Smith S.M.; Pratt D.B.; Elzinga D.B.; Jellen E.N.","Jimenez, Felix R. (56222687300); Maughan, P. Jeffrey (7003959730); Alvarez, Aquilino (55585157300); Kietlinski, Kiel D. (55889583000); Smith, Scott M. (57199389292); Pratt, Donald B. (24463774200); Elzinga, David B. (12774756200); Jellen, Eric N. (6701925700)","56222687300; 7003959730; 55585157300; 55889583000; 57199389292; 24463774200; 12774756200; 6701925700","Assessment of genetic diversity in Peruvian Amaranth (Amaranthus caudatus and A. hybridus) germplasm using single nucleotide polymorphism markers","2013","Crop Science","53","2","","532","541","24","10.2135/cropsci2012.07.0413","https://www.scopus.com/pages/publications/84873553132?origin=resultslist","Dep. of Plant and Wildlife Sciences, Brigham Young Univ., Provo, UT, 84602, 275 WIDB, United States; Centro de Investigaciones de Cultivos Andinos, Universidad Nacional San Antonio Abad del Cusco, Cusco, Peru; Dep. of Biology, Stephen F. Austin State Univ., Nacogdoches, TX, 75962, P.O. Box 13003, United States","Jimenez F.R., Dep. of Plant and Wildlife Sciences, Brigham Young Univ., Provo, UT, 84602, 275 WIDB, United States; Maughan P.J., Dep. of Plant and Wildlife Sciences, Brigham Young Univ., Provo, UT, 84602, 275 WIDB, United States; Alvarez A., Centro de Investigaciones de Cultivos Andinos, Universidad Nacional San Antonio Abad del Cusco, Cusco, Peru; Kietlinski K.D., Dep. of Biology, Stephen F. Austin State Univ., Nacogdoches, TX, 75962, P.O. Box 13003, United States; Smith S.M., Dep. of Plant and Wildlife Sciences, Brigham Young Univ., Provo, UT, 84602, 275 WIDB, United States; Pratt D.B., Dep. of Plant and Wildlife Sciences, Brigham Young Univ., Provo, UT, 84602, 275 WIDB, United States; Elzinga D.B., Dep. of Biology, Stephen F. Austin State Univ., Nacogdoches, TX, 75962, P.O. Box 13003, United States; Jellen E.N., Dep. of Plant and Wildlife Sciences, Brigham Young Univ., Provo, UT, 84602, 275 WIDB, United States","Amaranth (Amaranthus caudatus L.) is an important seed crop in the Andes. It has excellent nutritional value and ample capacity for growth under drought, heat, and soil nutrient deficiency. The objective of this study was to characterize and quantify genetic diversity among a series of 178 mostly peruvian amaranth individuals genotyped from among 48 accessions using 96 biallelic single nucleotide polymorphism (SNp) markers in KASpar assays on a 96.96 Fluidigm Ep1 platform. The 178 seed genotypes included the predominant white-opaque (waxy), white-vitreous (nonwaxy), black, and brown types, all from within the Centro de Investigacion de Cultivos Andinos-Universidad Nacional de San Antonio Abad del Cusco collection. The samples separated into two groups based on the seed color parameter (black, brown, and white-vitreous versus whiteopaque) with STrUCTUrE analysis but did not form distinct genotypic groups based on geographic origin. When analyzed as seed-color subgroups-black vs. brown vs. white-vitreous vs. white-opaque-83.46% of the genetic variation was explained by genetic differences within subgroup. The highest average observed heterozygosity (Ho) within color-based subgroups was 0.2612 in the vitreous-seeded subgroup, and within-group expected heterozygosity (He) was highest in the brown-seeded subgroup (0.398). Cluster analysis and principal component analysis partitioned the amaranth accessions into two clusters with four distinct subclusters. Analyses also revealed evidence for selection of nonwaxy, vitreous-seeded amaranth in the Andes. © Crop Science Society of America.","","","E. N. Jellen; email: jellen@byu.edu","","Crop Science Society of America","0011183X","","CRPSA","","English","Crop Sci.","Article","Final","","Scopus","2-s2.0-84873553132"
"Vincent L.; Sivaraj N.; Anushma P.; Ganeshan S.; Rajasekharan P.E.","Vincent, L. (57210466165); Sivaraj, N. (23490466900); Anushma, P. (56399363900); Ganeshan, S. (6602598575); Rajasekharan, P.E. (57218702021)","57210466165; 23490466900; 56399363900; 6602598575; 57218702021","Diversity, distribution, collection and conservation of amaranth germplasm from Andhra Pradesh","2019","Acta Horticulturae","1241","","","99","104","2","10.17660/ActaHortic.2019.1241.16","https://www.scopus.com/pages/publications/85070801771?origin=resultslist","ICAR-Indian Institute of Horticultural Research, Hessaraghatta lake P.O., Bengaluru, 89, India; ICAR-National Bureau of Plant Genetic Resources, Regional Station, Hyderabad, 500 030, India","Vincent L., ICAR-Indian Institute of Horticultural Research, Hessaraghatta lake P.O., Bengaluru, 89, India; Sivaraj N., ICAR-National Bureau of Plant Genetic Resources, Regional Station, Hyderabad, 500 030, India; Anushma P., ICAR-Indian Institute of Horticultural Research, Hessaraghatta lake P.O., Bengaluru, 89, India; Ganeshan S., ICAR-Indian Institute of Horticultural Research, Hessaraghatta lake P.O., Bengaluru, 89, India; Rajasekharan P.E., ICAR-Indian Institute of Horticultural Research, Hessaraghatta lake P.O., Bengaluru, 89, India","Diversity of amaranths (family Amaranthaceae) can be observed from sea level to high altitudes even in the worse climatic conditions, and they are rich in micro-nutrients and bio-active compounds. In the rural areas of India, amaranths occupy an unparalleled position and are used in a large number of culinary preparations. Considering its importance and available diversity, a collaborative germplasm survey had been conducted in parts of Andhra Pradesh covering Chittoor, Cuddapah and Nellore districts by the National Bureau of Plant Genetic Resources, Regional Station, Hyderabad and Indian Institute of Horticultural Research, Bengaluru in October, 2014, where amaranth species are widely cultivated. The surveyed region falls under the southern agro-climatic zone of Andhra Pradesh having a hot and humid tropical climate with an average rainfall of 600-1000 mm. Depending on the availability of the amaranth germplasm to be collected in the wild and from farmers' fields, random sampling and bulk sampling methods were followed, respectively. A few market samples were also collected. The survey resulted in augmentation of 99 accessions of Amaranth species viz., Amaranthus blitum (8), Amaranthus caudatus (2), Amaranthus graecizans (27), Amaranthus hybridus (10), Amaranthus spinosus (15), Amaranthus tricolor (26) and Amaranthus viridis (11). A great deal of variability with respect to stem colour, leaf colour, inflorescence, were observed in amaranth species and described. Amaranthus spinosus is being used as traditional veterinary medicine for cattle. It was also observed that the practice of traditional cultivation by farmers maintaining their own Amaranth seed material had been reduced in the surveyed region. The collected amaranth germplasm diversity will be characterized and evaluated at IIHR Bengaluru. The seed material is being conserved in the medium term module kept at the NBPGR, Regional Station and long term storage (LTS) at NBPGR. © 2019 International Society for Horticultural Science. All rights reserved.","Andhra Pradesh; Exploration; Storage; Traditional uses; Variation","","L. Vincent; ICAR-Indian Institute of Horticultural Research, Bengaluru, Hessaraghatta lake P.O., 89, India; email: lintav@iihr.ernet.in","","International Society for Horticultural Science","05677572","","","","English","Acta Hortic.","Article","Final","","Scopus","2-s2.0-85070801771"
"Di Renzo M.; Bonamico N.; Gesumaria J.","Di Renzo, M. (7005497423); Bonamico, N. (16634685200); Gesumaria, J. (6507192810)","7005497423; 16634685200; 6507192810","Characterisation of amaranth accessions by isozymic patterns","2001","Seed Science and Technology","29","1","","227","238","0","","https://www.scopus.com/pages/publications/0035037187?origin=resultslist","Facultad de Agronomia y Veterinaria, Universidad Nacional de Rio Cuarto, 5800 Río Cuarto, Argentina","Di Renzo M., Facultad de Agronomia y Veterinaria, Universidad Nacional de Rio Cuarto, 5800 Río Cuarto, Argentina; Bonamico N., Facultad de Agronomia y Veterinaria, Universidad Nacional de Rio Cuarto, 5800 Río Cuarto, Argentina; Gesumaria J., Facultad de Agronomia y Veterinaria, Universidad Nacional de Rio Cuarto, 5800 Río Cuarto, Argentina","Accurate and rapid methods for identification of germplasm accessions and genotypic comparison have important practical applications in plant breeding. Polymorphic isozyme patterns were analysed in order to characterise eight commercial varieties and 35 experimental strains obtained from the amaranth breeding program developed in our institution. These accessions belong to seven Amaranthus spp.: A. caudatus L., A. cruentus L., A. hypochondriacus L. Rob., A. mantegazzianus Pass., A. dubius Mart. ex Thell., A. tricolor L. and A. hybridus L. Of the 43 cultivars and strains, thirty-one were identified by electrophoresis of esterases, alcohol dehydrogenases, leucine amino-peptidases, malate dehydrogenases, 6-phosphogluconate dehydrogenases, acid phosphatases, and malic enzyme from seed extracts. Some accessions could not be characterised individually indicating that they may have similar genotypes, forming separate groups. A Principal Coordinate Analysis was made based on the presence or absence of 23 polymorphic bands. This provided a general overview of genetic diversity within this germplasm. These multivariate approaches grouped most cultivars and strains according to taxonomical classifications and illustrated interrelationships among accessions. This study suggests that isoenzymatic seed characteristics can be a profitable complement of other morphological and biochemical markers for practical applications in amaranth breeding programs allowing the characterisation of cultivars and new breeding lines.","","acid phosphatase; alcohol dehydrogenase; biochemical marker; cultivar identification; cytosol aminopeptidase; enzyme electrophoresis; esterase; genetic strain; germplasm; isoenzyme; malate dehydrogenase (decarboxylating); malate dehydrogenase; phosphogluconate dehydrogenase; plant breeding; polymorphic locus; principal coordinate analysis","M. Di Renzo; Facultad de Agronomia y Veterinaria, Universidad Nacional de Rio Cuarto, 5800 Río Cuarto, Argentina; email: mdirenzo@ayv.unrc.edu.ar","","","02510952","","SSTCB","","English","Seed Sci. Technol.","Article","Final","","Scopus","2-s2.0-0035037187"
"Shukla S.; Bhargava A.; Chatterjee A.; Pandey A.C.; Mishra B.K.","Shukla, Sudhir (57223924084); Bhargava, Atul (11840251000); Chatterjee, Avijeet (12800989900); Pandey, Avinash Chandra (56659542800); Mishra, Brij K (57206242853)","57223924084; 11840251000; 12800989900; 56659542800; 57206242853","Diversity in phenotypic and nutritional traits in vegetable amaranth (Amaranthus tricolor), a nutritionally underutilised crop","2010","Journal of the Science of Food and Agriculture","90","1","","139","144","80","10.1002/jsfa.3797","https://www.scopus.com/pages/publications/70450069988?origin=resultslist","Genetics and Plants Breeding Department, National Botanical Research Institute, Lucknow, India; Department of Biotechnology, Amity University, Lucknow, India","Shukla S., Genetics and Plants Breeding Department, National Botanical Research Institute, Lucknow, India; Bhargava A., Department of Biotechnology, Amity University, Lucknow, India; Chatterjee A., Genetics and Plants Breeding Department, National Botanical Research Institute, Lucknow, India; Pandey A.C., Genetics and Plants Breeding Department, National Botanical Research Institute, Lucknow, India; Mishra B.K., Genetics and Plants Breeding Department, National Botanical Research Institute, Lucknow, India","BACKGROUND: Assessment of genetic diversity in a crop-breeding programme helps in the identification of diverse parental combinations to create segregating progenies with maximum genetic variability and facilitates introgression of desirable genes from diverse germplasm into the available genetic base. RESULTS: In the present study, 39 strains of vegetable amaranth (Amaranthus tricolor) were evaluated for eight morphological and seven quality traits for two test seasons to study the extent of genetic divergence among the strains. Multivariate analysis showed that the first four principal components contributed 67.55% of the variability. Cluster analysis grouped the strains into six clusters that displayed a wide range of diversity for most of the traits. CONCLUSION: Cluster analysis has proved to be an effective method in grouping strains that may facilitate effective management and utilisation in crop-breeding programmes. The diverse strains falling in different clusters were identified, which can be utilised in different hybridisation programmes to develop high-foliage-yielding varieties rich in nutritional components. © 2009 Society of Chemical Industry.","Amaranthus tricolor; Ascorbic acid; Fibre; Foliage; Genetic diversity; PCA; Protein","Amaranthus; Biomass; Cluster Analysis; Crops, Agricultural; Genetic Variation; Genotype; Nutritive Value; Phenotype; Plant Leaves; Principal Component Analysis; Vegetables; Amaranthus; Amaranthus caudatus; Amaranthus tricolor; Amaranthus; article; biomass; classification; cluster analysis; crop; genetic variability; genetics; genotype; nutritional value; phenotype; plant leaf; principal component analysis; vegetable; Amaranthus; crop; genetics; vegetable","S. Shukla; Genetics and Plants Breeding Department, National Botanical Research Institute, Lucknow, India; email: s_shukla31@rediffmail.com","","","10970010","","JSFAA","20355024","English","J. Sci. Food Agric.","Article","Final","","Scopus","2-s2.0-70450069988"
